Model Name,Description,Model Number,Serial Number,Quantity,Unit Of Measure,Category,Amount,Condition,Item Type,Vendor,Start Date,End Date,Remarks,Warranty Years,Duration Years,Duration Start Date,Duration End Date,Date Purchased,License Number,Warranty Start Date,Acquisition Type
Samsung Galaxy A17 5G,Cellphone/Handheld for Direct Sales,A17,IMEI: 355851156077593,1,Unit,Cellphone,,Good,Hardware,Abenson,21/01/2026 11:27,,NULL,,,,,21/01/2026,,,Both
Samsung Galaxy A17 5G,Cellphone/Handheld for Direct Sales,A17,IMEI: 355851156082031,1,Unit,Cellphone,,Good,Hardware,Abenson,21/01/2026 11:31,,NULL,,,,,,,,Both
Samsung Galaxy A17 5G,Cellphone/Handheld for Direct Sales,A17,IMEI: 355851156081926,1,Unit,Cellphone,,Good,Hardware,Abenson,21/01/2026 11:31,,NULL,,,,,,,,Both
Redmi 15 5G Ripple Green 8GB RAM 256GB ROM,Cellphone/Handheld for Direct Sales,Redmi 15,SN:868392074634009,1,Unit,Cellphone,,Good,Hardware,Abenson,21/01/2026 11:34,,NULL,,,,,,,,Both
Redmi 15 5G Ripple Green 8GB RAM 256GB ROM,Cellphone / Handheld for Direct Sales,Redmi 15,SN:868392074711583,1,Unit,Cellphone,,Good,Hardware,Abenson,21/01/2026 11:34,,NULL,,,,,,,,Both
APC Back-UPS CS BK650-AS,UPS,S5B2548TA8638,S5B2548TA8638,1,Contract,UPS,,Good,Services,"Columbia Technologies, Inc.",21/01/2026 13:18,,NULL,,,,,21/01/2026,,,Invoice
APC Back-UPS CS BK650,UPS,S5B2546TC8161,S5B2546TC8161,1,Unit,UPS,,Good,Hardware,"Columbia Technologies, Inc.",21/01/2026 13:20,,2years on UPS/1 Year on Battery,,,,,,,,Both
APC Back-UPS CS BK650,UPS,S5B2546TC8161,S5B2546TC8175,1,Unit,UPS,,Good,Hardware,"Columbia Technologies, Inc.",21/01/2026 13:20,,2years on UPS/1 Year on Battery,,,,,,,,Both
APC Back-UPS CS BK650,UPS,S5B2546TC8161,S5B2546TC8165,1,Unit,UPS,,Good,Hardware,"Columbia Technologies, Inc.",21/01/2026 13:20,,2years on UPS/1 Year on Battery,,,,,,,,Both
APC Back-UPS CS BK650,UPS,S5B2546TC8161,S5B2546TC8141,1,Unit,UPS,,Good,Hardware,"Columbia Technologies, Inc.",21/01/2026 13:20,,2years on UPS/1 Year on Battery,,,,,,,,Both
Logitech H570e USB Headset,Headset,2344ME007TF9,2344ME007TF9,1,Piece,Headset,,Good,Hardware,"Columbia Technologies, Inc.",21/01/2026 14:18,,Katherine Clomera,,,,,,,,Both
HP 107A Black Laser Toner Cartridge,Toner Cartridge,123456,123456,1,Piece,Cartridge,,Good,Hardware,"Columbia Technologies, Inc.",21/01/2026 14:20,,NULL,,,,,,,,Both
"Lenovo Thinkcentre M70s Gen5 Intel Corei5-14400 16GB Memory 512GBSSD, WIN11PRO, Cardreader, Powercord",CPU,SGM13C7W3,SGM13C7W3,1,Unit,CPU,,Good,Hardware,"Columbia Technologies, Inc.",21/01/2026 14:22,,NULL,,,,,,,,Both
"Lenovo Thinkcentre M70s Gen5 Intel Corei5-14400 16GB Memory 512GBSSD, WIN11PRO, Cardreader, Powercord",CPU,SGM13C7W3,SGM13C7RF,1,Unit,CPU,,Good,Hardware,"Columbia Technologies, Inc.",21/01/2026 14:22,,NULL,,,,,,,,Both
Lenovo ThinkVision S22i-30 21.5 LCD Monitor w/complete Accs & HDMI Cable,Monitor,SVR00BZY8,SVR00BZY8,1,Monthly,Monitor,,Good,Software/License,"Columbia Technologies, Inc.",21/01/2026 14:25,,NULL,,,,,,,,Invoice
Lenovo ThinkVision S22i-30 21.5 LCD Monitor w/complete Accs & HDMI Cable,Monitor,SVR00BZY8,SVR00BZ4A,1,Monthly,Monitor,,Good,Hardware,"Columbia Technologies, Inc.",21/01/2026 14:25,,NULL,,,,,,,,Invoice
Logitech C925e Business Webcam,Webcam,2509APW5EQL9,2509APW5EQL9,1,Piece,Webcam,,Good,Hardware,"Columbia Technologies, Inc.",21/01/2026 14:29,,NULL,,,,,,,,Both
"BTECH BT5442/B - ""55"" - 80"" for large to extra large screens",TV Bracket,N/A,N/A,1,Piece,TV Bracket,,Good,Hardware,Jump Solutions Inc.,21/01/2026 15:43,,for GA Dept. Board Room,,,,,,,,Both
Xscan - FQ,Xscan,AFU111010TBEAG000643,AFU111010TBEAG000643,1,Unit,Biometrics,,Good,Hardware,Jump Solutions Inc.,21/01/2026 16:23,,NULL,,,,,,,,Both
Xscan - FQ,Xscan,AFU111010TBEAG000643,AFU111010TBEAG000642,1,Unit,Biometrics,,Good,Hardware,Jump Solutions Inc.,21/01/2026 16:23,,NULL,,,,,,,,Both
"Ubio-X Fce 8"" Premium Face Recognition Terminal",Biometrics,AFU110010UTBBLG01636,AFU110010UTBBLG01636,1,Unit,Biometrics,,Good,Hardware,Jump Solutions Inc.,21/01/2026 16:25,,NULL,,,,,,,,Both
"Ubio-X Fce 8"" Premium Face Recognition Terminal",Biometrics,AFU110010UTBBLG01636,AFU110010UTBBKG01554,1,Unit,Biometrics,,Good,Hardware,Jump Solutions Inc.,21/01/2026 16:25,,NULL,,,,,,,,Both
Lenovo Thinkpad E14,Laptop,PF5MQN5K,PF5MQN5K,1,Unit,Laptop,,Good,Hardware,Jump Solutions Inc.,21/01/2026 16:27,,"PR & Science Dept., PDD - Mark Garcia, PMD - Lester Garcia",,,,,,,,Both
Lenovo Thinkpad E14,Laptop,PF5MQN5K,PF5MQN8A,1,Unit,Laptop,,Good,Hardware,Jump Solutions Inc.,21/01/2026 16:27,,"PR & Science Dept., PDD - Mark Garcia, PMD - Lester Garcia",,,,,,,,Both
Lenovo Thinkpad E14,Laptop,PF5MQN5K,PF5MQSQ7,1,Unit,Laptop,,Good,Hardware,Jump Solutions Inc.,21/01/2026 16:27,,"PR & Science Dept., PDD - Mark Garcia, PMD - Lester Garcia",,,,,,,,Both
"Panasonic LED TV NS600 43""",TV,2540524F-00526,2540524F-00526,1,Unit,TV,,Good,Hardware,Fair N' Square,21/01/2026 16:38,,Sta. Rosa Center,,,,,,,,Both
Logitech USB Headset Stereo H570e,Headset,2344ME007MY9,2344ME007MY9,1,Piece,Headset,,Good,Hardware,NULL,21/01/2026 16:46,,NULL,,,,,,,,Both
"Brother TZE-631-P-Touch TZ Tape 631, 12MM Black on Yellow Tape",Tape,TZE-631,,1,Unit,Tape,,Good,Hardware,Jump Solutions Inc.,23/01/2026 11:29,,NULL,,,,,,,,Both
"Lenovo ThinkStation P2 Tower Gen 2 Ultra 9-285 vPro, 64GBBMemory, 1TBSSD+2TB, RTX A1000 8GB, WIN11PRO",CPU,SGM17115C,SGM17115C,1,Unit,CPU,,Good,Hardware,"Columbia Technologies, Inc.",23/01/2026 11:38,,NULL,,,,,,,,Both
"Lenovo ThinkStation P2 Tower Gen 2 Ultra 9-285 vPro, 64GBBMemory, 1TBSSD+2TB, RTX A1000 8GB, WIN11PRO",CPU,SGM17115C,SGM17115D,1,Unit,CPU,,Good,Hardware,"Columbia Technologies, Inc.",23/01/2026 11:38,,NULL,,,,,,,,Both
"Samsung-65"" UHD Android-13OS, 32G Flash Memory Size, 3,840x2,160 Resolution, 400 NIT, 8MS RESPONSE TIME, 16/7, IR TOUCH TECHNOLOGY, ADS Panel Type, 25% Glass Haze",TV,"Samsung 65"" inch",6RSSH9PY100153,1,Unit,TV,,Good,Hardware,Jump Solutions Inc.,23/01/2026 14:09,,NULL,,,,,,,,Both
HP 151X Black Laserjet Toner Cartridge,Toner Cartridge,N/A2,N/A2,1,Unit,Cartridge,,Good,Hardware,NULL,23/01/2026 14:10,,NULL,,,,,,,,Both
Microsoft Office Home and Business 2024 All Lng APAC EM Retail Online ESD,MS Office,N/A3,N/A3,1,Monthly,License,,Good,Software/License,"Columbia Technologies, Inc.",23/01/2026 14:12,,NULL,,,,,,,,Invoice
Epson LQ-2190 Printer,Dot Matrix Printer,LQ-2190,MK6Y020164,1,Unit,Printer,,Good,Hardware,Microphase Corporation,23/01/2026 14:15,,Printer of FTY. PMPC,,,,,,,,Both
Epson LX-310 Printer,Dot Matrix Printer,LX-310,Q7CYJ52669,1,Unit,Printer,,Good,Hardware,Microphase Corporation,23/01/2026 14:16,,Printer of Cashier Section,,,,,,,,Both
ASUS Zenbeam L2 Smart Portable LED Projector 980 LED Lumens 1080P,Projector,N/A4,S3LIWX000790,1,Unit,Projector,,Good,Hardware,Microphase Corporation,23/01/2026 14:19,,Projector of PDD - Mark Garcia,,,,,,,,Both
Lenovo Keyboard,Keyboard,N/A5,N/A5,1,Piece,Keyboard,,Good,Hardware,"Columbia Technologies, Inc.",23/01/2026 14:21,,NULL,,,,,,,,Both
Lenovo Mouse,Mouse,N/A6,N/A6,1,Unit,mouse,,Good,Hardware,"Columbia Technologies, Inc.",23/01/2026 14:22,,NULL,,,,,,,,Both
HP 110A Black Original Laser Toner Cartridge,Toner Cartridge,N/A7,N/A7,1,Unit,Cartridge,,Good,Hardware,Jump Solutions Inc.,23/01/2026 14:23,,NULL,,,,,,,,Both
"Panasonic LED TV 43""",TV,TH43NS600,N/A8,1,Unit,TV,,Good,Hardware,Fair N' Square,23/01/2026 14:25,,Webinar TV of Sta. Rosa & Pateros Center,,,,,,,,Both
HP Smart Tank 615 AIO Printer,Printer,N/A9,CN58TC419D,1,Unit,Printer,,Good,Hardware,Jump Solutions Inc.,23/01/2026 14:27,,for Isabela Good Health Marketing Corp.,,,,,,,,Both
HP Smart Tank 615 AIO Printer,Printer,N/A9,CN58TC41B5,1,Unit,Printer,,Good,Hardware,Jump Solutions Inc.,23/01/2026 14:27,,for Isabela Good Health Marketing Corp.,,,,,,,,Both
HP M0H50AA Tri-Color GT Printhead,Printhead,N/A9,N/A9,1,Piece,Printhead,,Good,Hardware,"Columbia Technologies, Inc.",23/01/2026 14:29,,NULL,,,,,,,,Both
HP X4E75AA Black Inktank Printhead,Printhead,N/A10,N/A10,1,Piece,Printhead,,Good,Hardware,"Columbia Technologies, Inc.",23/01/2026 14:32,,NULL,,,,,,,,Both
HP Color Laserjet Pro MFP 4303FDW,Printer,N/A11,CNBHT8W044,1,Box,Printer,,Good,Hardware,Jump Solutions Inc.,23/01/2026 14:35,,NULL,,,,,,,,Both
Epson 001 Black Ink,Ink,T673100,N/A11,1,Piece,Ink,,Good,Hardware,Jump Solutions Inc.,23/01/2026 14:39,,NULL,,,,,,,,Both
Epson 001 Cyan Ink,Ink,T673200,N/A12,1,Unit,Ink,,Good,Hardware,Jump Solutions Inc.,23/01/2026 14:40,,NULL,,,,,,,,Both
Epson 001 Magenta Ink,Ink,T673300,N/A13,1,Unit,Ink,,Good,Hardware,Jump Solutions Inc.,23/01/2026 14:41,,NULL,,,,,,,,Both
Epson 001 Yellow Ink,Ink,T673400,N/A14,1,Unit,Ink,,Good,Hardware,Jump Solutions Inc.,23/01/2026 14:42,,NULL,,,,,,,,Both
Epson 001 Light Magenta Ink,Ink,T673600,N/A15,1,Unit,Ink,,Good,Hardware,Jump Solutions Inc.,23/01/2026 14:43,,NULL,,,,,,,,Both
HP GT53 Black Original Ink Bottle,Ink,1VV22AA,N/A16,1,Unit,Ink,,Good,Hardware,"Columbia Technologies, Inc.",23/01/2026 14:45,,NULL,,,,,,,,Both
Epson LQ-2190 Ribbon Cartridge,Ribbon Cartridge,C13S015531 (EPC13S015531),N/A17,1,Unit,Cartridge,,Good,Hardware,"Columbia Technologies, Inc.",23/01/2026 14:46,,NULL,,,,,,,,Both
Sandisk Ultra 32GB USB 3.0 Flashdrive,Flashdrive,SDCZ48032GU46,NULL,1,Unit,Flashdrive,,Good,Hardware,"Columbia Technologies, Inc.",23/01/2026 14:53,,NULL,,,,,03/11/2025,,,Both
Seagate 2TB One Touch PW Hard Disk Black USB3.0,HDD,SGSTKY2000400,NT1D1ST7,1,Unit,Hard disk,,Good,Hardware,"Columbia Technologies, Inc.",23/01/2026 14:56,,NULL,,,,,,,,Both
XP Pen Artist Pro 24 Gen 2 165HZ 2.5K Display,Pen,YNZ_HW_285,XL2416NTQ125600594,1,Unit,Pen,,Good,Hardware,Ynzal Marketing Corp.,23/01/2026 16:15,,NULL,,,,,,,,Both
XP Pen Artist Pro 24 Gen 2 165HZ 2.5K Display,Pen,YNZ_HW_285,XL2416NTQ125600581,1,Unit,Pen,,Good,Hardware,Ynzal Marketing Corp.,23/01/2026 16:15,,NULL,,,,,,,,Both
USB Cable,USB Cable,N/A18,N/A18,1,Unit,Cable,,Good,Hardware,"Columbia Technologies, Inc.",23/01/2026 16:16,,NULL,,,,,,,,Both
"CSB Battery 12 Volts, 7AH",Battery,UPS123607,N/A19,1,Piece,Battery,,Good,Hardware,Express Technetronic Corporation,23/01/2026 16:19,,NULL,,,,,,,,Both
Ugreen CM506 50633A Wireless HDMI Extender (50M) Gray,HDMI,CM506 50633A,NULL,1,Piece,HDMI,,Good,Hardware,Jump Solutions Inc.,23/01/2026 16:24,,NULL,,,,,,,,Both
HP 26X Black Laserjet Toner Cartridge,Toner Cartridge,HPCF276X,NULL,1,Unit,Cartridge,,Good,Hardware,"Columbia Technologies, Inc.",23/01/2026 16:25,,NULL,,,,,,,,Both
Seagate 1TB One Touch Black USB3.0 HardDisk,Hard Disk,STKY1000400,NT1D4HLP,1,Monthly,Hard disk,,Good,Software/License,"Columbia Technologies, Inc.",27/01/2026 13:21,,NULL,,,,,27/01/2026,,,Invoice
Logitech H5703 Stereo Headset,Headset,H5703,2344ME007NN9,1,Piece,Headset,,Good,Hardware,Microphase Corporation,27/01/2026 15:49,,NULL,,,,,,,,Both
Logitech H570e Stereo Headset,Headset,H5703,2344ME007N49,0,Unit,Headset,,Good,Hardware,Microphase Corporation,27/01/2026 15:50,,NULL,,,,,,,,Both
Epson LX-310 Printer,Printer Dot Matrix,LX-310,Q7CYJ53070,1,Unit,Printer,,Good,Hardware,"Columbia Technologies, Inc.",29/01/2026 9:46,,Paranaque and Alabang Center,,,,,,,,Both
Epson LX-310 Printer,Printer Dot Matrix,LX-310,Q7CYJ57926,1,Unit,Printer,,Good,Hardware,"Columbia Technologies, Inc.",29/01/2026 9:46,,Paranaque and Alabang Center,,,,,,,,Both
HP LJ PRO 4003DN Printer SF Mono,Printer,4003DN,VNM0284307,1,Unit,Printer,,Good,Hardware,Microphase Corporation,30/01/2026 11:20,,NULL,,,,,,,,Both
Seagate SGSTKY 1000400 1TB One Touch with Password USB 3.0 Black,Hard Drive,STKY 1000400,NC1D6VGP,1,Piece,Hard disk,,Good,Hardware,Microphase Corporation,30/01/2026 11:23,,NULL,,,,,,,,Both
Seagate SGSTKY 1000400 1TB One Touch Black USB3.0 HardDisk,Hard Drive,SGSTKY 1000400,NT1D4HXB,1,Unit,Hard disk,,Good,Hardware,"Columbia Technologies, Inc.",30/01/2026 15:41,,NULL,,,,,,,,Both
Seagate SGSTKY 1000400 1TB One Touch Black USB3.0 HardDisk,Hard Drive,SGSTKY 1000400,NT1D4HXW,1,Unit,Hard disk,,Good,Hardware,"Columbia Technologies, Inc.",30/01/2026 15:41,,NULL,,,,,,,,Both
Seagate SGSTKY 1000400 1TB One Touch Black USB3.0 HardDisk,Hard Drive,SGSTKY 1000400,NT1D4HXA,1,Unit,Hard disk,,Good,Hardware,"Columbia Technologies, Inc.",30/01/2026 15:41,,NULL,,,,,,,,Both
Seagate SGSTKY 1000400 1TB One Touch Black USB3.0 HardDisk,Hard Drive,SGSTKY 1000400,NT1D4HXH,1,Unit,Hard disk,,Good,Hardware,"Columbia Technologies, Inc.",30/01/2026 15:41,,NULL,,,,,,,,Both
Seagate SGSTKY 1000400 1TB One Touch Black USB3.0 HardDisk,Hard Drive,SGSTKY 1000400,NT1D4JGD,1,Unit,Hard disk,,Good,Hardware,"Columbia Technologies, Inc.",30/01/2026 15:41,,NULL,,,,,,,,Both
Seagate SGSTKY 1000400 1TB One Touch Black USB3.0 HardDisk,Hard Drive,SGSTKY 1000400,NT1D4JED,1,Unit,Hard disk,,Good,Hardware,"Columbia Technologies, Inc.",30/01/2026 15:41,,NULL,,,,,,,,Both
Seagate SGSTKY 1000400 1TB One Touch Black USB3.0 HardDisk,Hard Drive,SGSTKY 1000400,NT1D4JEF,1,Unit,Hard disk,,Good,Hardware,"Columbia Technologies, Inc.",30/01/2026 15:41,,NULL,,,,,,,,Both
Seagate SGSTKY 1000400 1TB One Touch Black USB3.0 HardDisk,Hard Drive,SGSTKY 1000400,NT1D4JKQ,1,Unit,Hard disk,,Good,Hardware,"Columbia Technologies, Inc.",30/01/2026 15:41,,NULL,,,,,,,,Both
Seagate SGSTKY 1000400 1TB One Touch Black USB3.0 HardDisk,Hard Drive,SGSTKY 1000400,NT1D4JEY,1,Unit,Hard disk,,Good,Hardware,"Columbia Technologies, Inc.",30/01/2026 15:41,,NULL,,,,,,,,Both
Seagate SGSTKY 1000400 1TB One Touch Black USB3.0 HardDisk,Hard Drive,SGSTKY 1000400,NT1D4J96,1,Unit,Hard disk,,Good,Hardware,"Columbia Technologies, Inc.",30/01/2026 15:41,,NULL,,,,,,,,Both
Seagate SGSTKY 1000400 1TB One Touch Black USB3.0 HardDisk,Hard Drive,SGSTKY 1000400,NT1D4JBL,1,Unit,Hard disk,,Good,Hardware,"Columbia Technologies, Inc.",30/01/2026 15:41,,NULL,,,,,,,,Both
Seagate SGSTKY 1000400 1TB One Touch Black USB3.0 HardDisk,Hard Drive,SGSTKY 1000400,NT1D4JG6,1,Unit,Hard disk,,Good,Hardware,"Columbia Technologies, Inc.",30/01/2026 15:41,,NULL,,,,,,,,Both
Seagate SGSTKY 1000400 1TB One Touch Black USB3.0 HardDisk,Hard Drive,SGSTKY 1000400,NT1D4JFZ,1,Unit,Hard disk,,Good,Hardware,"Columbia Technologies, Inc.",30/01/2026 15:41,,NULL,,,,,,,,Both
Seagate SGSTKY 1000400 1TB One Touch Black USB3.0 HardDisk,Hard Drive,SGSTKY 1000400,NT1D4J9H,1,Unit,Hard disk,,Good,Hardware,"Columbia Technologies, Inc.",30/01/2026 15:41,,NULL,,,,,,,,Both
Seagate SGSTKY 1000400 1TB One Touch Black USB3.0 HardDisk,Hard Drive,SGSTKY 1000400,NT1D4J9A,1,Unit,Hard disk,,Good,Hardware,"Columbia Technologies, Inc.",30/01/2026 15:41,,NULL,,,,,,,,Both
Seagate SGSTKY 1000400 1TB One Touch Black USB3.0 HardDisk,Hard Drive,SGSTKY 1000400,NT1D4JGL,1,Unit,Hard disk,,Good,Hardware,"Columbia Technologies, Inc.",30/01/2026 15:41,,NULL,,,,,,,,Both
