Item Name,Cartridge Model,StockOnHand
HP LASERJET 410X (MAGENTA),HP LASERJET 410X (MAGENTA),7
HP LASERJET 410X (BLACK),HP LASERJET 410X (BLACK),3
HP LASERJET 410X (CYAN),HP LASERJET 410X (CYAN),13
HP LASERJET 410X (YELLOW),HP LASERJET 410X (YELLOW),4
HP LASERJET 416X (MAGENTA),HP LASERJET 416X (MAGENTA),27
HP LASERJET 416X (BLACK),HP LASERJET 416X (BLACK),0
HP LASERJET 416X (CYAN),HP LASERJET 416X (CYAN),26
HP LASERJET 416X (YELLOW),HP LASERJET 416X (YELLOW),8
HP LASERJET 202X (MAGENTA),HP LASERJET 202X (MAGENTA),40
HP LASERJET 202X (BLACK),HP LASERJET 202X (BLACK),35
HP LASERJET 202X (CYAN),HP LASERJET 202X (CYAN),21
HP LASERJET 202X (YELLOW),HP LASERJET 202X (YELLOW),22
HP LASERJET CF226XC/26x (BLACK ONLY),HP LASERJET CF226XC/26x (BLACK ONLY),41
HP LASERJET 85A (BLACK ONLY),HP LASERJET 85A (BLACK ONLY),25
HP LASERJET 151X (BLACK ONLY),HP LASERJET 151X (BLACK ONLY),23
HP LASERJET 230A (MAGENTA),HP LASERJET 230A (MAGENTA),18
HP LASERJET 230A (BLACK),HP LASERJET 230A (BLACK),13
HP LASERJET 230A (CYAN),HP LASERJET 230A (CYAN),18
HP LASERJET 230A (YELLOW),HP LASERJET 230A (YELLOW),14
HP LASERJET W2042XC (YELLOW),HP LASERJET W2042XC (YELLOW),1
HP LASERJET W2040XC (BLACK),HP LASERJET W2040XC (BLACK),5
HP LASERJET W2043XC (MAGENTA),HP LASERJET W2043XC (MAGENTA),3
HP LASERJET W2041XC (CYAN),HP LASERJET W2041XC (CYAN),0
HP LASERJET CF413XC (MAGENTA),HP LASERJET CF413XC (MAGENTA),0
HP LASERJET CF410XC (BLACK),HP LASERJET CF410XC (BLACK),0
HP LASERJET CF276XC/76X (BLACK),HP LASERJET CF276XC/76X (BLACK),0
HP LASERJET 80X (BLACK),HP LASERJET 80X (BLACK),1
HP LASERJET 76X (BLACK),HP LASERJET 76X (BLACK),77
HP LASERJET 107A (BLACK),HP LASERJET 107A (BLACK),10
HP LASERJET 110A (BLACK),HP LASERJET 110A (BLACK),26
HP GT52 (YELLOW),HP GT52 (YELLOW),15
HP GT52 (CYAN),HP GT52 (CYAN),10
HP GT52 (MAGENTA),HP GT52 (MAGENTA),18
HP GT52/53 (BLACK),HP GT52/53 (BLACK),65
EPSON 664 (MAGENTA),EPSON 664 (MAGENTA),15
EPSON 664 (YELLOW),EPSON 664 (YELLOW),0
EPSON 664 (BLACK),EPSON 664 (BLACK),15
EPSON 664 (CYAN),EPSON 664 (CYAN),23
EPSON 001 (CYAN),EPSON 001 (CYAN),15
EPSON 001 (YELLOW),EPSON 001 (YELLOW),17
EPSON 001 (MAGENTA),EPSON 001 (MAGENTA),15
EPSON 001 (BLACK),EPSON 001 (BLACK),9
EPSON 057 (BLACK),EPSON 057 (BLACK),10
EPSON 057 (LIGHT MAGENTA),EPSON 057 (LIGHT MAGENTA),4
EPSON 057 (MAGENTA),EPSON 057 (MAGENTA),4
EPSON 057 (YELLOW),EPSON 057 (YELLOW),4
EPSON 057 (LIGHT CYAN),EPSON 057 (LIGHT CYAN),4
HP PRINTERHEAD M0H51AA (BLACK),HP PRINTERHEAD M0H51AA (BLACK),19
EPSON 057 (CYAN),EPSON 057 (CYAN),4
LX310,LX310,97
LQ2190,LQ2190,112
LQ2190 PRINTERHEAD,LQ2190 PRINTERHEAD,0
PRINT TRONIX P7000,PRINT TRONIX P7000,12
