DISTRIBUTORS DIRECTORY,,,
"1) LACTO-B, INCORPORATED",,,
2) BIO-TECH MARKETING CORPORATION,,,
"3) MICRO-B, INCORPORATED",,,
4) BIFIDO HEALTH MARKETING CORPORATION,,,
5) PALAWAN ULTRAHEALTH MARKETING INC.,,,
6) BIOMATE CORPORATION,,,
7) BACCILIFE MARKETING CORPORATION,,,
8) NEYO CORPORATION (NUEVA ECIJA YAKULT OFFICE),,,
9) SHIROTA MARKETING CORPORATION,,,
10) MICROFLORA HEALTH MARKETING CORP. ,,,
11) MICROMATE FAMILY HEALTH CORPORATION,,,
12) SUPREME HEALTH MARKETING INCORPORATED,,,
13) PROHEALTH SALES DISTRIBUTOR CORPORATION,,,
14) SYNBIOTIC MARKETING CORPORATION,,,
15) ACTIGEN MARKETING CORPORATION,,,
16) HEALTH TUMMY CORPORATION,,,
17) BELLY FIT SALES DISTRIBUTOR INC. ,,,
18) ISABELA GOOD HEALTH MARKETING C ORP. ,,,
19) MERCHANDISE DISTRIBUTORS INC. ,,,
20) JOMAR ANNE HEALTH MARKETING INC. ,,,
21) HENLUZ CORP./ NEGROS LONGLIFE CORPORATION,,,
22) PRE BIOTIC HEALTH MARKETING CORPORATION,,,
23) GALACTO MARKETING CORPORATION,,,
24) BIO LACTIS MARKETING CORPORATION,,,
25) CREST HEALTH DISTRIBUTOR,,,
26) PROBIOTICS HEALTH MARKETING INC. ,,,
27) GENSBIO MARKETING CORPORATION,,,
28) LACTOBACILLUS CORPORATION,,,
29) LCS CARAGA DISTRIBUTOR INC.,,,
"30) LACTO FRONTIER SALES DISTRIBUTOR, INC. ",,,
