COMPANIES,,,,,BranchType: Factory,,
YPI & YMC,,,,,FACTORY,,
Company,Department,Branch,,,Company,Department,Branch
YPI,Accounting Department,MANILA LIAISON OFFICE,,,YPI,SHIPPING SECTION,CALAMBA PLANT
YMC,Accounting Department,MANILA LIAISON OFFICE,,,YPI,UTILITY CONTROL SECTION,CALAMBA PLANT
YPI,Accounting Department,ISABELA GOOD HEALTH MKTG. CORP,,,YPI,BOTTLING SECTION,CALAMBA PLANT
YPI,Accounting Department,BIOMATE CORP.,,,YPI,BOTTLEMAKING SECTION,CALAMBA PLANT
YPI,Accounting Department,GALACTO MKTG. CORP.,,,YPI,DISS. & PAST. SECTION,CALAMBA PLANT
YPI,Audit Department,MANILA LIAISON OFFICE,,,YPI,GEN. AFFAIRS SECTION,CALAMBA PLANT
YPI,Credit & Collection Department,MARILAO DEPOT,,,YPI,PRODUCTION SECTION,CALAMBA PLANT
YPI,Credit & Collection Department,MANILA LIAISON OFFICE,,,YPI,PURCH. & MATERIALS PROP.,CALAMBA PLANT
YPI,Credit & Collection Department,ANTIPOLO DEPOT,,,YPI,QUALITY CONTROL SECTION,CALAMBA PLANT
YPI,Credit & Collection Department,CAVITE DEPOT,,,YPI,ENG'G. & MAINT. SECTION,CALAMBA PLANT
YMC,Credit & Collection Department,MANILA LIAISON OFFICE,,,,,
YPI,Credit & Collection Department,VICTORIA DEPOT,,,,,
YPI,DIRECT SALES DEPT.,MARILAO DEPOT,,,,,
YPI,DIRECT SALES DEPT.,MANILA LIAISON OFFICE,,,,,
YPI,DIRECT SALES DEPT.,ANTIPOLO DEPOT,,,,,
YPI,DIRECT SALES DEPT.,VICTORIA DEPOT,,,,,
YPI,DIRECT SALES DEPT.,CAVITE DEPOT,,,,,
YPI,Engineering,MANILA LIAISON OFFICE,,,,,
YMC,Engineering,MANILA LIAISON OFFICE,,,,,
YMC,Engineering,VICTORIA DEPOT,,,,,
YMC,Engineering,MARILAO DEPOT,,,,,
YPI,Engineering,VICTORIA DEPOT,,,,,
YPI,Engineering,ANTIPOLO DEPOT,,,,,
YPI,Engineering,MARILAO DEPOT,,,,,
YPI,Engineering,CAVITE DEPOT,,,,,
YPI,General Affairs Department,MANILA LIAISON OFFICE,,,,,
YMC,General Affairs Department,MANILA LIAISON OFFICE,,,,,
YMC,General Affairs Department,YAKULT EL SALVADOR,,,,,
YPI,Information Technology,MANILA LIAISON OFFICE,,,,,
YMC,Information Technology,MARILAO DEPOT,,,,,
YPI,Legal Department,MANILA LIAISON OFFICE,,,,,
YPI,Materials Section,MANILA LIAISON OFFICE,,,,,
YMC,Materials Section,MANILA LIAISON OFFICE,,,,,
YPI,Personnel Management Department,MANILA LIAISON OFFICE,,,,,
YMC,Personnel Management Department,MANILA LIAISON OFFICE,,,,,
YPI,Provincial Dealers Department (PDD),MANILA LIAISON OFFICE,,,,,
YPI,Provincial Dealers Department (PDD),NEGROS LONG LIFE CORP.,,,,,
YPI,Provincial Dealers Department (PDD),PALAWAN ULTRAHEALTH MKTG. INC.,,,,,
YPI,Provincial Dealers Department (PDD),ISABELA GOOD HEALTH MKTG. CORP,,,,,
YPI,Provincial Dealers Department (PDD),ACTIGEN MKTG. CORP.,,,,,
YPI,Provincial Dealers Department (PDD),BIOMATE CORP.,,,,,
YPI,Provincial Dealers Department (PDD),PROHEALTH SALES DISTRIBUTOR CORP.,,,,,
YPI,Provincial Dealers Department (PDD),NEYO CORP.,,,,,
YPI,Provincial Dealers Department (PDD),MICROFLORA HEALTH MKTG. CORP,,,,,
YPI,Provincial Dealers Department (PDD),GENSBIO MKTG. CORP.,,,,,
YPI,Provincial Dealers Department (PDD),CREST HEALTH DISTRIBUTOR,,,,,
YMC,Provincial Dealers Department (PDD),MANILA LIAISON OFFICE,,,,,
YPI,Pr & Science Department,MANILA LIAISON OFFICE,,,,,
YMC,Pr & Science Department,MANILA LIAISON OFFICE,,,,,
YMC,SALES DIVISION,MANILA LIAISON OFFICE,,,,,
YMC,SALES DIVISION,SAN ANDRES CENTER,,,,,
YMC,SALES DIVISION,DIVISORIA CENTER,,,,,
YMC,SALES DIVISION,STA. ROSA CENTER,,,,,
YMC,SALES DIVISION,FAIRVIEW CENTER,,,,,
YMC,SALES DIVISION,CUBAO CENTER,,,,,
YMC,SALES DIVISION,STA. CRUZ CENTER,,,,,
YMC,SALES DIVISION,CALAMBA CENTER,,,,,
YMC,SALES DIVISION,KALOOKAN CENTER,,,,,
YMC,SALES DIVISION,NAVOTAS CENTER,,,,,
YMC,SALES DIVISION,ALABANG CENTER,,,,,
YMC,SALES DIVISION,PATEROS CENTER,,,,,
YMC,SALES DIVISION,MALATE CENTER,,,,,
YMC,SALES DIVISION,NOVALICHES CENTER,,,,,
YMC,SALES DIVISION,MOLINO CENTER,,,,,
YMC,SALES DIVISION,TONDO CENTER,,,,,
YMC,SALES DIVISION,RODRIGUEZ CENTER,,,,,
YMC,SALES DIVISION,MANDALUYONG CENTER,,,,,
YMC,SALES DIVISION,ANGONO CENTER,,,,,
YMC,SALES DIVISION,BALIUAG CENTER,,,,,
YMC,SALES DIVISION,COGEO CENTER,,,,,
YMC,SALES DIVISION,PASAY CENTER,,,,,
YMC,SALES DIVISION,BINONDO CENTER,,,,,
YMC,SALES DIVISION,ANTIPOLO CENTER,,,,,
YMC,SALES DIVISION,LAS PIÑAS CENTER,,,,,
YMC,SALES DIVISION,TRECE MARTIRES CENTER,,,,,
YMC,SALES DIVISION,DASMARIÑAS CENTER,,,,,
YMC,SALES DIVISION,TAGUIG CENTER,,,,,
YMC,SALES DIVISION,SAMPALOC CENTER,,,,,
YMC,SALES DIVISION,STA. MARIA CENTER,,,,,
YMC,SALES DIVISION,VALENZUELA CENTER,,,,,
YMC,SALES DIVISION,SAN JOSE DEL MONTE CENTER,,,,,
YMC,SALES DIVISION,CAINTA CENTER,,,,,
YMC,SALES DIVISION,COMMONWEALTH CENTER,,,,,
YMC,SALES DIVISION,SAN PABLO CENTER,,,,,
YMC,SALES DIVISION,MEYCAUAYAN CENTER,,,,,
YMC,SALES DIVISION,MALOLOS CENTER,,,,,
YMC,SALES DIVISION,BACLARAN CENTER,,,,,
YMC,SALES DIVISION,SANGANDAAN CENTER,,,,,
YMC,SALES DIVISION,PASIG CENTER,,,,,
YMC,SALES DIVISION,QUEZON CENTER,,,,,
YMC,SALES DIVISION,PARAÑAQUE CENTER,,,,,
YMC,SALES DIVISION,MARIKINA CENTER,,,,,
YMC,SALES DIVISION,MALABON CENTER,,,,,
YMC,SALES DIVISION,CONGRESSIONAL CENTER,,,,,
YMC,SALES DIVISION,IMUS CENTER,,,,,
YMC,SALES DIVISION,ZABARTE CENTER,,,,,
YMC,SALES DIVISION,BIÑAN CENTER,,,,,
YMC,SALES DIVISION,SAN JUAN CENTER,,,,,
YPI,Shipping Department,MARILAO DEPOT,,,,,
YPI,Shipping Department,MANILA LIAISON OFFICE,,,,,
YPI,Shipping Department,VICTORIA DEPOT,,,,,
YPI,Shipping Department,ANTIPOLO DEPOT,,,,,
YMC,Shipping Department,MANILA LIAISON OFFICE,,,,,
YMC,Shipping Department,VICTORIA DEPOT,,,,,
YMC,Shipping Department,MARILAO DEPOT,,,,,
YMC,Special Audit Section (SAS),MANILA LIAISON OFFICE,,,,,
